Workbook

Sheet Sale Agreed
A1: Full address | B1: Rooms | C1: Price (£) | D1: Area (BT) | E1: Sale agreed on | F1: Type | G1: Price basis | H1: PropertyPal link
A2: 61 Jerusalem Street, Off University Road, Belfast, BT7 1QP | B2: 2 | C2: 89950 | D2: BT7 | E2: 2026-08-03 | F2: Terrace Houses | G2: Offers Around | H2: https://www.propertypal.com/1093809
A3: 32 Salisbury Court, Dublin Road, Belfast, BT7 1DD | B3: 2 | C3: 99950 | D3: BT7 | E3: 2026-05-07 | F3: Apartments | G3: Offers Over | H3: https://www.propertypal.com/1069515
A4: 11 Ashburne Mews, Belfast, BT7 1SF | B4: 2 | C4: 110000 | D4: BT7 | E4: 2026-10-12 | F4: Apartments | G4: Price | H4: https://www.propertypal.com/1078354
A5: 43 Stewart Street, Belfast, BT7 2BT | B5: 2 | C5: 124950 | D5: BT7 | E5: 2026-09-24 | F5: Apartments | G5: Asking Price | H5: https://www.propertypal.com/1113337
A6: 2 Stanfield Place, Belfast, BT7 2DT | B6: 2 | C6: 125000 | D6: BT7 | E6: 2026-08-19 | F6: Apartments | G6: Offers Around | H6: https://www.propertypal.com/1015619
A7: 54 Farnham Street, Ormeau Road, Belfast, BT7 2FN | B7: 2 | C7: 135000 | D7: BT7 | E7: 2026-10-14 | F7: Terrace Houses | G7: Asking Price | H7: https://www.propertypal.com/1090001
A8: 74 Salisbury Court, Belfast, BT7 1DD | B8: 2 | C8: 139950 | D8: BT7 | E8: 2026-09-23 | F8: Apartments | G8: Offers Around | H8: https://www.propertypal.com/1099635
A9: Apt 6 Nova Studios, 167 University Street, Belfast, BT7 1HR | B9: 2 | C9: 139950 | D9: BT7 | E9: 2026-10-05 | F9: Apartments | G9: Asking Price | H9: https://www.propertypal.com/1120458
A10: 12a Pakenham Street, Belfast, BT7 1AB | B10: 2 | C10: 149950 | D10: BT7 | E10: 2026-06-29 | F10: Apartments | G10: Price | H10: https://www.propertypal.com/1075460
A11: Apt 3 Carolan Place, 45 Rossmore Drive, Belfast, BT7 3LA | B11: 2 | C11: 149950 | D11: BT7 | E11: 2026-01-20 | F11: Apartments | G11: Offers Over | H11: https://www.propertypal.com/1049113
A12: 113 Walmer Street, Belfast, BT7 3ED | B12: 2 | C12: 150000 | D12: BT7 | E12: 2026-04-23 | F12: Terrace Houses | G12: Offers Over | H12: https://www.propertypal.com/1066516
A13: 51 Blackwood Street, Ormeau Road, Belfast, BT7 3AS | B13: 2 | C13: 159950 | D13: BT7 | E13: 2026-05-22 | F13: Terrace Houses | G13: Asking Price | H13: https://www.propertypal.com/1068953
... A231: 153 Falls Road, Belfast, BT12 6AF | B231: 4 | C231: 174950 | D231: BT12 | E231: 2026-08-06 | F231: Terrace Houses | G231: Offers Around | H231: https://www.propertypal.com/1089928

Sheet Averages
A1: Average asking price on sale agreed listings (PropertyPal)
A2: All figures are formulas over the 'Sale Agreed' sheet. Prices are the asking price when the sale was agreed, not the final sold price. 'Rooms' = bedrooms in the advert.
A4: Area | B4: Rooms | C4: Sales (n) | D4: Average £ | E4: Median £ | F4: Lowest | G4: Highest
A5: BT7 | B5: 1 | C5: =COUNTIFS('Sale Agreed'!$D$2:$D$231,"BT7",'Sale Agreed'!$B$2:$B$231,1) -> 0 | D5: =IFERROR(AVERAGEIFS('Sale Agreed'!$C$2:$C$231,'Sale Agreed'!$D$2:$D$231,"BT7",'Sale Agreed'!$B$2:$B$231,1),"-") -> - | E5: {=IF(C5=0,"-",MEDIAN(IF(('Sale Agreed'!$D$2:$D$231="BT7")*('Sale Agreed'!$B$2:$B$231=1),'Sale Agreed'!$C$2:$C$231)))} -> - | F5: =IF(C5=0,"-",_xlfn.MINIFS('Sale Agreed'!$C$2:$C$231,'Sale Agreed'!$D$2:$D$231,"BT7",'Sale Agreed'!$B$2:$B$231,1)) -> - | G5: =IF(C5=0,"-",_xlfn.MAXIFS('Sale Agreed'!$C$2:$C$231,'Sale Agreed'!$D$2:$D$231,"BT7",'Sale Agreed'!$B$2:$B$231,1)) -> -
A6: BT7 | B6: 2 | C6: =COUNTIFS('Sale Agreed'!$D$2:$D$231,"BT7",'Sale Agreed'!$B$2:$B$231,2) -> 52 | D6: =IFERROR(AVERAGEIFS('Sale Agreed'!$C$2:$C$231,'Sale Agreed'!$D$2:$D$231,"BT7",'Sale Agreed'!$B$2:$B$231,2),"-") -> 189975.96 | E6: {=IF(C6=0,"-",MEDIAN(IF(('Sale Agreed'!$D$2:$D$231="BT7")*('Sale Agreed'!$B$2:$B$231=2),'Sale Agreed'!$C$2:$C$231)))} -> 187450 | F6: =IF(C6=0,"-",_xlfn.MINIFS('Sale Agreed'!$C$2:$C$231,'Sale Agreed'!$D$2:$D$231,"BT7",'Sale Agreed'!$B$2:$B$231,2)) -> 89950 | G6: =IF(C6=0,"-",_xlfn.MAXIFS('Sale Agreed'!$C$2:$C$231,'Sale Agreed'!$D$2:$D$231,"BT7",'Sale Agreed'!$B$2:$B$231,2)) -> 335000
A7: BT7 | B7: 3 | C7: =COUNTIFS('Sale Agreed'!$D$2:$D$231,"BT7",'Sale Agreed'!$B$2:$B$231,3) -> 34 | D7: =IFERROR(AVERAGEIFS('Sale Agreed'!$C$2:$C$231,'Sale Agreed'!$D$2:$D$231,"BT7",'Sale Agreed'!$B$2:$B$231,3),"-") -> 225226.47 | E7: {=IF(C7=0,"-",MEDIAN(IF(('Sale Agreed'!$D$2:$D$231="BT7")*('Sale Agreed'!$B$2:$B$231=3),'Sale Agreed'!$C$2:$C$231)))} -> 212450 | F7: =IF(C7=0,"-",_xlfn.MINIFS('Sale Agreed'!$C$2:$C$231,'Sale Agreed'!$D$2:$D$231,"BT7",'Sale Agreed'!$B$2:$B$231,3)) -> 129950 | G7: =IF(C7=0,"-",_xlfn.MAXIFS('Sale Agreed'!$C$2:$C$231,'Sale Agreed'!$D$2:$D$231,"BT7",'Sale Agreed'!$B$2:$B$231,3)) -> 399950
A8: BT7 | B8: 4 | C8: =COUNTIFS('Sale Agreed'!$D$2:$D$231,"BT7",'Sale Agreed'!$B$2:$B$231,4) -> 16 | D8: =IFERROR(AVERAGEIFS('Sale Agreed'!$C$2:$C$231,'Sale Agreed'!$D$2:$D$231,"BT7",'Sale Agreed'!$B$2:$B$231,4),"-") -> 231353.12 | E8: {=IF(C8=0,"-",MEDIAN(IF(('Sale Agreed'!$D$2:$D$231="BT7")*('Sale Agreed'!$B$2:$B$231=4),'Sale Agreed'!$C$2:$C$231)))} -> 217500 | F8: =IF(C8=0,"-",_xlfn.MINIFS('Sale Agreed'!$C$2:$C$231,'Sale Agreed'!$D$2:$D$231,"BT7",'Sale Agreed'!$B$2:$B$231,4)) -> 170000 | G8: =IF(C8=0,"-",_xlfn.MAXIFS('Sale Agreed'!$C$2:$C$231,'Sale Agreed'!$D$2:$D$231,"BT7",'Sale Agreed'!$B$2:$B$231,4)) -> 384950
A9: BT7 | B9: 5 | C9: =COUNTIFS('Sale Agreed'!$D$2:$D$231,"BT7",'Sale Agreed'!$B$2:$B$231,5) -> 7 | D9: =IFERROR(AVERAGEIFS('Sale Agreed'!$C$2:$C$231,'Sale Agreed'!$D$2:$D$231,"BT7",'Sale Agreed'!$B$2:$B$231,5),"-") -> 369285.71 | E9: {=IF(C9=0,"-",MEDIAN(IF(('Sale Agreed'!$D$2:$D$231="BT7")*('Sale Agreed'!$B$2:$B$231=5),'Sale Agreed'!$C$2:$C$231)))} -> 350000 | F9: =IF(C9=0,"-",_xlfn.MINIFS('Sale Agreed'!$C$2:$C$231,'Sale Agreed'!$D$2:$D$231,"BT7",'Sale Agreed'!$B$2:$B$231,5)) -> 225000 | G9: =IF(C9=0,"-",_xlfn.MAXIFS('Sale Agreed'!$C$2:$C$231,'Sale Agreed'!$D$2:$D$231,"BT7",'Sale Agreed'!$B$2:$B$231,5)) -> 525000
A10: BT7 | B10: 6+ | C10: =COUNTIFS('Sale Agreed'!$D$2:$D$231,"BT7",'Sale Agreed'!$B$2:$B$231,">=6") -> 4 | D10: =IFERROR(AVERAGEIFS('Sale Agreed'!$C$2:$C$231,'Sale Agreed'!$D$2:$D$231,"BT7",'Sale Agreed'!$B$2:$B$231,">=6"),"-") -> 439987.5 | E10: {=IF(C10=0,"-",MEDIAN(IF(('Sale Agreed'!$D$2:$D$231="BT7")*('Sale Agreed'!$B$2:$B$231>=6),'Sale Agreed'!$C$2:$C$231)))} -> 397475 | F10: =IF(C10=0,"-",_xlfn.MINIFS('Sale Agreed'!$C$2:$C$231,'Sale Agreed'!$D$2:$D$231,"BT7",'Sale Agreed'!$B$2:$B$231,">=6")) -> 265000 | G10: =IF(C10=0,"-",_xlfn.MAXIFS('Sale Agreed'!$C$2:$C$231,'Sale Agreed'!$D$2:$D$231,"BT7",'Sale Agreed'!$B$2:$B$231,">=6")) -> 700000
A11: BT7 | B11: All sizes | C11: =SUM(C5:C10) -> 113 | D11: =IFERROR(AVERAGEIFS('Sale Agreed'!$C$2:$C$231,'Sale Agreed'!$D$2:$D$231,"BT7"),"-") -> 226398.67 | E11: {=MEDIAN(IF(('Sale Agreed'!$D$2:$D$231="BT7"),'Sale Agreed'!$C$2:$C$231))} -> 200000 | F11: =_xlfn.MINIFS('Sale Agreed'!$C$2:$C$231,'Sale Agreed'!$D$2:$D$231,"BT7") -> 89950 | G11: =_xlfn.MAXIFS('Sale Agreed'!$C$2:$C$231,'Sale Agreed'!$D$2:$D$231,"BT7") -> 700000
A13: BT12 | B13: 1 | C13: =COUNTIFS('Sale Agreed'!$D$2:$D$231,"BT12",'Sale Agreed'!$B$2:$B$231,1) -> 1 | D13: =IFERROR(AVERAGEIFS('Sale Agreed'!$C$2:$C$231,'Sale Agreed'!$D$2:$D$231,"BT12",'Sale Agreed'!$B$2:$B$231,1),"-") -> 84950 | E13: {=IF(C13=0,"-",MEDIAN(IF(('Sale Agreed'!$D$2:$D$231="BT12")*('Sale Agreed'!$B$2:$B$231=1),'Sale Agreed'!$C$2:$C$231)))} -> 84950 | F13: =IF(C13=0,"-",_xlfn.MINIFS('Sale Agreed'!$C$2:$C$231,'Sale Agreed'!$D$2:$D$231,"BT12",'Sale Agreed'!$B$2:$B$231,1)) -> 84950 | G13: =IF(C13=0,"-",_xlfn.MAXIFS('Sale Agreed'!$C$2:$C$231,'Sale Agreed'!$D$2:$D$231,"BT12",'Sale Agreed'!$B$2:$B$231,1)) -> 84950
A14: BT12 | B14: 2 | C14: =COUNTIFS('Sale Agreed'!$D$2:$D$231,"BT12",'Sale Agreed'!$B$2:$B$231,2) -> 48 | D14: =IFERROR(AVERAGEIFS('Sale Agreed'!$C$2:$C$231,'Sale Agreed'!$D$2:$D$231,"BT12",'Sale Agreed'!$B$2:$B$231,2),"-") -> 126061.46 | E14: {=IF(C14=0,"-",MEDIAN(IF(('Sale Agreed'!$D$2:$D$231="BT12")*('Sale Agreed'!$B$2:$B$231=2),'Sale Agreed'!$C$2:$C$231)))} -> 124950 | F14: =IF(C14=0,"-",_xlfn.MINIFS('Sale Agreed'!$C$2:$C$231,'Sale Agreed'!$D$2:$D$231,"BT12",'Sale Agreed'!$B$2:$B$231,2)) -> 79950 | G14: =IF(C14=0,"-",_xlfn.MAXIFS('Sale Agreed'!$C$2:$C$231,'Sale Agreed'!$D$2:$D$231,"BT12",'Sale Agreed'!$B$2:$B$231,2)) -> 185000
A15: BT12 | B15: 3 | C15: =COUNTIFS('Sale Agreed'!$D$2:$D$231,"BT12",'Sale Agreed'!$B$2:$B$231,3) -> 58 | D15: =IFERROR(AVERAGEIFS('Sale Agreed'!$C$2:$C$231,'Sale Agreed'!$D$2:$D$231,"BT12",'Sale Agreed'!$B$2:$B$231,3),"-") -> 148236.21 | E15: {=IF(C15=0,"-",MEDIAN(IF(('Sale Agreed'!$D$2:$D$231="BT12")*('Sale Agreed'!$B$2:$B$231=3),'Sale Agreed'!$C$2:$C$231)))} -> 144950 | F15: =IF(C15=0,"-",_xlfn.MINIFS('Sale Agreed'!$C$2:$C$231,'Sale Agreed'!$D$2:$D$231,"BT12",'Sale Agreed'!$B$2:$B$231,3)) -> 59950 | G15: =IF(C15=0,"-",_xlfn.MAXIFS('Sale Agreed'!$C$2:$C$231,'Sale Agreed'!$D$2:$D$231,"BT12",'Sale Agreed'!$B$2:$B$231,3)) -> 249950
A16: BT12 | B16: 4 | C16: =COUNTIFS('Sale Agreed'!$D$2:$D$231,"BT12",'Sale Agreed'!$B$2:$B$231,4) -> 10 | D16: =IFERROR(AVERAGEIFS('Sale Agreed'!$C$2:$C$231,'Sale Agreed'!$D$2:$D$231,"BT12",'Sale Agreed'!$B$2:$B$231,4),"-") -> 146465 | E16: {=IF(C16=0,"-",MEDIAN(IF(('Sale Agreed'!$D$2:$D$231="BT12")*('Sale Agreed'!$B$2:$B$231=4),'Sale Agreed'!$C$2:$C$231)))} -> 149950 | F16: =IF(C16=0,"-",_xlfn.MINIFS('Sale Agreed'!$C$2:$C$231,'Sale Agreed'!$D$2:$D$231,"BT12",'Sale Agreed'!$B$2:$B$231,4)) -> 119950 | G16: =IF(C16=0,"-",_xlfn.MAXIFS('Sale Agreed'!$C$2:$C$231,'Sale Agreed'!$D$2:$D$231,"BT12",'Sale Agreed'!$B$2:$B$231,4)) -> 174950
A17: BT12 | B17: 5 | C17: =COUNTIFS('Sale Agreed'!$D$2:$D$231,"BT12",'Sale Agreed'!$B$2:$B$231,5) -> 0 | D17: =IFERROR(AVERAGEIFS('Sale Agreed'!$C$2:$C$231,'Sale Agreed'!$D$2:$D$231,"BT12",'Sale Agreed'!$B$2:$B$231,5),"-") -> - | E17: {=IF(C17=0,"-",MEDIAN(IF(('Sale Agreed'!$D$2:$D$231="BT12")*('Sale Agreed'!$B$2:$B$231=5),'Sale Agreed'!$C$2:$C$231)))} -> - | F17: =IF(C17=0,"-",_xlfn.MINIFS('Sale Agreed'!$C$2:$C$231,'Sale Agreed'!$D$2:$D$231,"BT12",'Sale Agreed'!$B$2:$B$231,5)) -> - | G17: =IF(C17=0,"-",_xlfn.MAXIFS('Sale Agreed'!$C$2:$C$231,'Sale Agreed'!$D$2:$D$231,"BT12",'Sale Agreed'!$B$2:$B$231,5)) -> -
A18: BT12 | B18: 6+ | C18: =COUNTIFS('Sale Agreed'!$D$2:$D$231,"BT12",'Sale Agreed'!$B$2:$B$231,">=6") -> 0 | D18: =IFERROR(AVERAGEIFS('Sale Agreed'!$C$2:$C$231,'Sale Agreed'!$D$2:$D$231,"BT12",'Sale Agreed'!$B$2:$B$231,">=6"),"-") -> - | E18: {=IF(C18=0,"-",MEDIAN(IF(('Sale Agreed'!$D$2:$D$231="BT12")*('Sale Agreed'!$B$2:$B$231>=6),'Sale Agreed'!$C$2:$C$231)))} -> - | F18: =IF(C18=0,"-",_xlfn.MINIFS('Sale Agreed'!$C$2:$C$231,'Sale Agreed'!$D$2:$D$231,"BT12",'Sale Agreed'!$B$2:$B$231,">=6")) -> - | G18: =IF(C18=0,"-",_xlfn.MAXIFS('Sale Agreed'!$C$2:$C$231,'Sale Agreed'!$D$2:$D$231,"BT12",'Sale Agreed'!$B$2:$B$231,">=6")) -> -
A19: BT12 | B19: All sizes | C19: =SUM(C13:C18) -> 117 | D19: =IFERROR(AVERAGEIFS('Sale Agreed'!$C$2:$C$231,'Sale Agreed'!$D$2:$D$231,"BT12"),"-") -> 138446.58 | E19: {=MEDIAN(IF(('Sale Agreed'!$D$2:$D$231="BT12"),'Sale Agreed'!$C$2:$C$231))} -> 134950 | F19: =_xlfn.MINIFS('Sale Agreed'!$C$2:$C$231,'Sale Agreed'!$D$2:$D$231,"BT12") -> 59950 | G19: =_xlfn.MAXIFS('Sale Agreed'!$C$2:$C$231,'Sale Agreed'!$D$2:$D$231,"BT12") -> 249950
A21: BT7 + BT12 | B21: 1 | C21: =COUNTIFS('Sale Agreed'!$D$2:$D$231,"*",'Sale Agreed'!$B$2:$B$231,1) -> 1 | D21: =IFERROR(AVERAGEIFS('Sale Agreed'!$C$2:$C$231,'Sale Agreed'!$D$2:$D$231,"*",'Sale Agreed'!$B$2:$B$231,1),"-") -> 84950 | E21: {=IF(C21=0,"-",MEDIAN(IF(('Sale Agreed'!$D$2:$D$231<>"")*('Sale Agreed'!$B$2:$B$231=1),'Sale Agreed'!$C$2:$C$231)))} -> 84950 | F21: =IF(C21=0,"-",_xlfn.MINIFS('Sale Agreed'!$C$2:$C$231,'Sale Agreed'!$D$2:$D$231,"*",'Sale Agreed'!$B$2:$B$231,1)) -> 84950 | G21: =IF(C21=0,"-",_xlfn.MAXIFS('Sale Agreed'!$C$2:$C$231,'Sale Agreed'!$D$2:$D$231,"*",'Sale Agreed'!$B$2:$B$231,1)) -> 84950
A22: BT7 + BT12 | B22: 2 | C22: =COUNTIFS('Sale Agreed'!$D$2:$D$231,"*",'Sale Agreed'!$B$2:$B$231,2) -> 100 | D22: =IFERROR(AVERAGEIFS('Sale Agreed'!$C$2:$C$231,'Sale Agreed'!$D$2:$D$231,"*",'Sale Agreed'!$B$2:$B$231,2),"-") -> 159297 | E22: {=IF(C22=0,"-",MEDIAN(IF(('Sale Agreed'!$D$2:$D$231<>"")*('Sale Agreed'!$B$2:$B$231=2),'Sale Agreed'!$C$2:$C$231)))} -> 147475 | F22: =IF(C22=0,"-",_xlfn.MINIFS('Sale Agreed'!$C$2:$C$231,'Sale Agreed'!$D$2:$D$231,"*",'Sale Agreed'!$B$2:$B$231,2)) -> 79950 | G22: =IF(C22=0,"-",_xlfn.MAXIFS('Sale Agreed'!$C$2:$C$231,'Sale Agreed'!$D$2:$D$231,"*",'Sale Agreed'!$B$2:$B$231,2)) -> 335000
A23: BT7 + BT12 | B23: 3 | C23: =COUNTIFS('Sale Agreed'!$D$2:$D$231,"*",'Sale Agreed'!$B$2:$B$231,3) -> 92 | D23: =IFERROR(AVERAGEIFS('Sale Agreed'!$C$2:$C$231,'Sale Agreed'!$D$2:$D$231,"*",'Sale Agreed'!$B$2:$B$231,3),"-") -> 176689.13 | E23: {=IF(C23=0,"-",MEDIAN(IF(('Sale Agreed'!$D$2:$D$231<>"")*('Sale Agreed'!$B$2:$B$231=3),'Sale Agreed'!$C$2:$C$231)))} -> 159975 | F23: =IF(C23=0,"-",_xlfn.MINIFS('Sale Agreed'!$C$2:$C$231,'Sale Agreed'!$D$2:$D$231,"*",'Sale Agreed'!$B$2:$B$231,3)) -> 59950 | G23: =IF(C23=0,"-",_xlfn.MAXIFS('Sale Agreed'!$C$2:$C$231,'Sale Agreed'!$D$2:$D$231,"*",'Sale Agreed'!$B$2:$B$231,3)) -> 399950
A24: BT7 + BT12 | B24: 4 | C24: =COUNTIFS('Sale Agreed'!$D$2:$D$231,"*",'Sale Agreed'!$B$2:$B$231,4) -> 26 | D24: =IFERROR(AVERAGEIFS('Sale Agreed'!$C$2:$C$231,'Sale Agreed'!$D$2:$D$231,"*",'Sale Agreed'!$B$2:$B$231,4),"-") -> 198703.85 | E24: {=IF(C24=0,"-",MEDIAN(IF(('Sale Agreed'!$D$2:$D$231<>"")*('Sale Agreed'!$B$2:$B$231=4),'Sale Agreed'!$C$2:$C$231)))} -> 186225 | F24: =IF(C24=0,"-",_xlfn.MINIFS('Sale Agreed'!$C$2:$C$231,'Sale Agreed'!$D$2:$D$231,"*",'Sale Agreed'!$B$2:$B$231,4)) -> 119950 | G24: =IF(C24=0,"-",_xlfn.MAXIFS('Sale Agreed'!$C$2:$C$231,'Sale Agreed'!$D$2:$D$231,"*",'Sale Agreed'!$B$2:$B$231,4)) -> 384950
A25: BT7 + BT12 | B25: 5 | C25: =COUNTIFS('Sale Agreed'!$D$2:$D$231,"*",'Sale Agreed'!$B$2:$B$231,5) -> 7 | D25: =IFERROR(AVERAGEIFS('Sale Agreed'!$C$2:$C$231,'Sale Agreed'!$D$2:$D$231,"*",'Sale Agreed'!$B$2:$B$231,5),"-") -> 369285.71 | E25: {=IF(C25=0,"-",MEDIAN(IF(('Sale Agreed'!$D$2:$D$231<>"")*('Sale Agreed'!$B$2:$B$231=5),'Sale Agreed'!$C$2:$C$231)))} -> 350000 | F25: =IF(C25=0,"-",_xlfn.MINIFS('Sale Agreed'!$C$2:$C$231,'Sale Agreed'!$D$2:$D$231,"*",'Sale Agreed'!$B$2:$B$231,5)) -> 225000 | G25: =IF(C25=0,"-",_xlfn.MAXIFS('Sale Agreed'!$C$2:$C$231,'Sale Agreed'!$D$2:$D$231,"*",'Sale Agreed'!$B$2:$B$231,5)) -> 525000
A26: BT7 + BT12 | B26: 6+ | C26: =COUNTIFS('Sale Agreed'!$D$2:$D$231,"*",'Sale Agreed'!$B$2:$B$231,">=6") -> 4 | D26: =IFERROR(AVERAGEIFS('Sale Agreed'!$C$2:$C$231,'Sale Agreed'!$D$2:$D$231,"*",'Sale Agreed'!$B$2:$B$231,">=6"),"-") -> 439987.5 | E26: {=IF(C26=0,"-",MEDIAN(IF(('Sale Agreed'!$D$2:$D$231<>"")*('Sale Agreed'!$B$2:$B$231>=6),'Sale Agreed'!$C$2:$C$231)))} -> 397475 | F26: =IF(C26=0,"-",_xlfn.MINIFS('Sale Agreed'!$C$2:$C$231,'Sale Agreed'!$D$2:$D$231,"*",'Sale Agreed'!$B$2:$B$231,">=6")) -> 265000 | G26: =IF(C26=0,"-",_xlfn.MAXIFS('Sale Agreed'!$C$2:$C$231,'Sale Agreed'!$D$2:$D$231,"*",'Sale Agreed'!$B$2:$B$231,">=6")) -> 700000
A27: BT7 + BT12 | B27: All sizes | C27: =SUM(C21:C26) -> 230 | D27: =IFERROR(AVERAGEIFS('Sale Agreed'!$C$2:$C$231,'Sale Agreed'!$D$2:$D$231,"*"),"-") -> 181657.83 | E27: {=MEDIAN(IF(('Sale Agreed'!$D$2:$D$231<>""),'Sale Agreed'!$C$2:$C$231))} -> 167225 | F27: =_xlfn.MINIFS('Sale Agreed'!$C$2:$C$231,'Sale Agreed'!$D$2:$D$231,"*") -> 59950 | G27: =_xlfn.MAXIFS('Sale Agreed'!$C$2:$C$231,'Sale Agreed'!$D$2:$D$231,"*") -> 700000

Sheet Notes
A1: How this was built (19 Oct 2026)
A3: Source: PropertyPal sale search for BT7 and BT12 with the 'Sale agreed' status, read from PropertyPal's own search results.
A4: Time window: only listings whose status changed to Sale agreed between 19 Oct 2025 and 19 Oct 2026. PropertyPal's status history starts in about Nov 2025, so the earliest date in the data is 13 Nov 2025.
A5: Price shown is the asking price when the sale was agreed (the 'Price basis' column says whether it was Offers Over, Offers Around, Asking Price, Guide Price or plain Price). It is NOT the final sold price, which PropertyPal does not publish on the listing. Final prices are on PropertyPal's Sold Price Checker / Land Registry data.
A6: Excluded: 29 sale-agreed listings with no status date in their history, 28 with no price shown, and 2 with no bedroom count (1-7 Apartments @ 41 Cromwell Road, 5 Cameron Street).
A7: Only 'Sale agreed' listings are included. PropertyPal's separate 'Sold' status had just 1 listing in BT7, so it was left out.
A8: Rooms is the bedroom count from the advert. Rows with 6+ rooms are few and include multi-unit blocks; treat them with caution.
A9: Where PropertyPal has relisted a property after a fall-through, only the most recent sale-agreed date is used, so each property appears once.
