Workbook

Sheet Averages
A1: Belfast rent averages from let-agreed listings (BT7 and BT12)
A2: Source: PropertyPal let-agreed listings (PropertyNews shows the same listings). Pulled 19 Oct 2026. Excludes listings with hidden rent.
A4: BT7
A5: Rooms | B5: Listings | C5: Average rent | D5: Lowest | E5: Highest
A6: 1 bed | B6: =COUNTIFS('Let Agreed Listings'!$B$2:$B$313,"1",'Let Agreed Listings'!$D$2:$D$313,"BT7") -> 40 | C6: =IFERROR(AVERAGEIFS('Let Agreed Listings'!$C$2:$C$313,'Let Agreed Listings'!$B$2:$B$313,"1",'Let Agreed Listings'!$D$2:$D$313,"BT7"),"-") -> 783 | D6: =IF(B6=0,"-",_xlfn.MINIFS('Let Agreed Listings'!$C$2:$C$313,'Let Agreed Listings'!$B$2:$B$313,"1",'Let Agreed Listings'!$D$2:$D$313,"BT7")) -> 470 | E6: =IF(B6=0,"-",_xlfn.MAXIFS('Let Agreed Listings'!$C$2:$C$313,'Let Agreed Listings'!$B$2:$B$313,"1",'Let Agreed Listings'!$D$2:$D$313,"BT7")) -> 1450
A7: 2 bed | B7: =COUNTIFS('Let Agreed Listings'!$B$2:$B$313,"2",'Let Agreed Listings'!$D$2:$D$313,"BT7") -> 97 | C7: =IFERROR(AVERAGEIFS('Let Agreed Listings'!$C$2:$C$313,'Let Agreed Listings'!$B$2:$B$313,"2",'Let Agreed Listings'!$D$2:$D$313,"BT7"),"-") -> 1069.6907 | D7: =IF(B7=0,"-",_xlfn.MINIFS('Let Agreed Listings'!$C$2:$C$313,'Let Agreed Listings'!$B$2:$B$313,"2",'Let Agreed Listings'!$D$2:$D$313,"BT7")) -> 795 | E7: =IF(B7=0,"-",_xlfn.MAXIFS('Let Agreed Listings'!$C$2:$C$313,'Let Agreed Listings'!$B$2:$B$313,"2",'Let Agreed Listings'!$D$2:$D$313,"BT7")) -> 1650
A8: 3 bed | B8: =COUNTIFS('Let Agreed Listings'!$B$2:$B$313,"3",'Let Agreed Listings'!$D$2:$D$313,"BT7") -> 66 | C8: =IFERROR(AVERAGEIFS('Let Agreed Listings'!$C$2:$C$313,'Let Agreed Listings'!$B$2:$B$313,"3",'Let Agreed Listings'!$D$2:$D$313,"BT7"),"-") -> 1312.5 | D8: =IF(B8=0,"-",_xlfn.MINIFS('Let Agreed Listings'!$C$2:$C$313,'Let Agreed Listings'!$B$2:$B$313,"3",'Let Agreed Listings'!$D$2:$D$313,"BT7")) -> 875 | E8: =IF(B8=0,"-",_xlfn.MAXIFS('Let Agreed Listings'!$C$2:$C$313,'Let Agreed Listings'!$B$2:$B$313,"3",'Let Agreed Listings'!$D$2:$D$313,"BT7")) -> 1650
A9: 4 bed | B9: =COUNTIFS('Let Agreed Listings'!$B$2:$B$313,"4",'Let Agreed Listings'!$D$2:$D$313,"BT7") -> 37 | C9: =IFERROR(AVERAGEIFS('Let Agreed Listings'!$C$2:$C$313,'Let Agreed Listings'!$B$2:$B$313,"4",'Let Agreed Listings'!$D$2:$D$313,"BT7"),"-") -> 1632.1622 | D9: =IF(B9=0,"-",_xlfn.MINIFS('Let Agreed Listings'!$C$2:$C$313,'Let Agreed Listings'!$B$2:$B$313,"4",'Let Agreed Listings'!$D$2:$D$313,"BT7")) -> 1050 | E9: =IF(B9=0,"-",_xlfn.MAXIFS('Let Agreed Listings'!$C$2:$C$313,'Let Agreed Listings'!$B$2:$B$313,"4",'Let Agreed Listings'!$D$2:$D$313,"BT7")) -> 1700
A10: 5 bed | B10: =COUNTIFS('Let Agreed Listings'!$B$2:$B$313,"5",'Let Agreed Listings'!$D$2:$D$313,"BT7") -> 24 | C10: =IFERROR(AVERAGEIFS('Let Agreed Listings'!$C$2:$C$313,'Let Agreed Listings'!$B$2:$B$313,"5",'Let Agreed Listings'!$D$2:$D$313,"BT7"),"-") -> 1941.6667 | D10: =IF(B10=0,"-",_xlfn.MINIFS('Let Agreed Listings'!$C$2:$C$313,'Let Agreed Listings'!$B$2:$B$313,"5",'Let Agreed Listings'!$D$2:$D$313,"BT7")) -> 1650 | E10: =IF(B10=0,"-",_xlfn.MAXIFS('Let Agreed Listings'!$C$2:$C$313,'Let Agreed Listings'!$B$2:$B$313,"5",'Let Agreed Listings'!$D$2:$D$313,"BT7")) -> 2425
A11: 6+ bed | B11: =COUNTIFS('Let Agreed Listings'!$B$2:$B$313,">=6",'Let Agreed Listings'!$D$2:$D$313,"BT7") -> 14 | C11: =IFERROR(AVERAGEIFS('Let Agreed Listings'!$C$2:$C$313,'Let Agreed Listings'!$B$2:$B$313,">=6",'Let Agreed Listings'!$D$2:$D$313,"BT7"),"-") -> 3278.5714 | D11: =IF(B11=0,"-",_xlfn.MINIFS('Let Agreed Listings'!$C$2:$C$313,'Let Agreed Listings'!$B$2:$B$313,">=6",'Let Agreed Listings'!$D$2:$D$313,"BT7")) -> 2700 | E11: =IF(B11=0,"-",_xlfn.MAXIFS('Let Agreed Listings'!$C$2:$C$313,'Let Agreed Listings'!$B$2:$B$313,">=6",'Let Agreed Listings'!$D$2:$D$313,"BT7")) -> 4050
A12: Room in shared house | B12: =COUNTIFS('Let Agreed Listings'!$B$2:$B$313,"Room",'Let Agreed Listings'!$D$2:$D$313,"BT7") -> 3 | C12: =IFERROR(AVERAGEIFS('Let Agreed Listings'!$C$2:$C$313,'Let Agreed Listings'!$B$2:$B$313,"Room",'Let Agreed Listings'!$D$2:$D$313,"BT7"),"-") -> 556.33333 | D12: =IF(B12=0,"-",_xlfn.MINIFS('Let Agreed Listings'!$C$2:$C$313,'Let Agreed Listings'!$B$2:$B$313,"Room",'Let Agreed Listings'!$D$2:$D$313,"BT7")) -> 500 | E12: =IF(B12=0,"-",_xlfn.MAXIFS('Let Agreed Listings'!$C$2:$C$313,'Let Agreed Listings'!$B$2:$B$313,"Room",'Let Agreed Listings'!$D$2:$D$313,"BT7")) -> 589
A13: All | B13: =SUM(B6:B12) -> 281
A15: BT12
A16: Rooms | B16: Listings | C16: Average rent | D16: Lowest | E16: Highest
A17: 1 bed | B17: =COUNTIFS('Let Agreed Listings'!$B$2:$B$313,"1",'Let Agreed Listings'!$D$2:$D$313,"BT12") -> 1 | C17: =IFERROR(AVERAGEIFS('Let Agreed Listings'!$C$2:$C$313,'Let Agreed Listings'!$B$2:$B$313,"1",'Let Agreed Listings'!$D$2:$D$313,"BT12"),"-") -> 950 | D17: =IF(B17=0,"-",_xlfn.MINIFS('Let Agreed Listings'!$C$2:$C$313,'Let Agreed Listings'!$B$2:$B$313,"1",'Let Agreed Listings'!$D$2:$D$313,"BT12")) -> 950 | E17: =IF(B17=0,"-",_xlfn.MAXIFS('Let Agreed Listings'!$C$2:$C$313,'Let Agreed Listings'!$B$2:$B$313,"1",'Let Agreed Listings'!$D$2:$D$313,"BT12")) -> 950
A18: 2 bed | B18: =COUNTIFS('Let Agreed Listings'!$B$2:$B$313,"2",'Let Agreed Listings'!$D$2:$D$313,"BT12") -> 23 | C18: =IFERROR(AVERAGEIFS('Let Agreed Listings'!$C$2:$C$313,'Let Agreed Listings'!$B$2:$B$313,"2",'Let Agreed Listings'!$D$2:$D$313,"BT12"),"-") -> 937.82609 | D18: =IF(B18=0,"-",_xlfn.MINIFS('Let Agreed Listings'!$C$2:$C$313,'Let Agreed Listings'!$B$2:$B$313,"2",'Let Agreed Listings'!$D$2:$D$313,"BT12")) -> 750 | E18: =IF(B18=0,"-",_xlfn.MAXIFS('Let Agreed Listings'!$C$2:$C$313,'Let Agreed Listings'!$B$2:$B$313,"2",'Let Agreed Listings'!$D$2:$D$313,"BT12")) -> 1300
A19: 3 bed | B19: =COUNTIFS('Let Agreed Listings'!$B$2:$B$313,"3",'Let Agreed Listings'!$D$2:$D$313,"BT12") -> 4 | C19: =IFERROR(AVERAGEIFS('Let Agreed Listings'!$C$2:$C$313,'Let Agreed Listings'!$B$2:$B$313,"3",'Let Agreed Listings'!$D$2:$D$313,"BT12"),"-") -> 987.5 | D19: =IF(B19=0,"-",_xlfn.MINIFS('Let Agreed Listings'!$C$2:$C$313,'Let Agreed Listings'!$B$2:$B$313,"3",'Let Agreed Listings'!$D$2:$D$313,"BT12")) -> 875 | E19: =IF(B19=0,"-",_xlfn.MAXIFS('Let Agreed Listings'!$C$2:$C$313,'Let Agreed Listings'!$B$2:$B$313,"3",'Let Agreed Listings'!$D$2:$D$313,"BT12")) -> 1100
A20: 4 bed | B20: =COUNTIFS('Let Agreed Listings'!$B$2:$B$313,"4",'Let Agreed Listings'!$D$2:$D$313,"BT12") -> 3 | C20: =IFERROR(AVERAGEIFS('Let Agreed Listings'!$C$2:$C$313,'Let Agreed Listings'!$B$2:$B$313,"4",'Let Agreed Listings'!$D$2:$D$313,"BT12"),"-") -> 1416.6667 | D20: =IF(B20=0,"-",_xlfn.MINIFS('Let Agreed Listings'!$C$2:$C$313,'Let Agreed Listings'!$B$2:$B$313,"4",'Let Agreed Listings'!$D$2:$D$313,"BT12")) -> 1250 | E20: =IF(B20=0,"-",_xlfn.MAXIFS('Let Agreed Listings'!$C$2:$C$313,'Let Agreed Listings'!$B$2:$B$313,"4",'Let Agreed Listings'!$D$2:$D$313,"BT12")) -> 1600
A21: 5 bed | B21: =COUNTIFS('Let Agreed Listings'!$B$2:$B$313,"5",'Let Agreed Listings'!$D$2:$D$313,"BT12") -> 0 | C21: =IFERROR(AVERAGEIFS('Let Agreed Listings'!$C$2:$C$313,'Let Agreed Listings'!$B$2:$B$313,"5",'Let Agreed Listings'!$D$2:$D$313,"BT12"),"-") -> - | D21: =IF(B21=0,"-",_xlfn.MINIFS('Let Agreed Listings'!$C$2:$C$313,'Let Agreed Listings'!$B$2:$B$313,"5",'Let Agreed Listings'!$D$2:$D$313,"BT12")) -> - | E21: =IF(B21=0,"-",_xlfn.MAXIFS('Let Agreed Listings'!$C$2:$C$313,'Let Agreed Listings'!$B$2:$B$313,"5",'Let Agreed Listings'!$D$2:$D$313,"BT12")) -> -
A22: 6+ bed | B22: =COUNTIFS('Let Agreed Listings'!$B$2:$B$313,">=6",'Let Agreed Listings'!$D$2:$D$313,"BT12") -> 0 | C22: =IFERROR(AVERAGEIFS('Let Agreed Listings'!$C$2:$C$313,'Let Agreed Listings'!$B$2:$B$313,">=6",'Let Agreed Listings'!$D$2:$D$313,"BT12"),"-") -> - | D22: =IF(B22=0,"-",_xlfn.MINIFS('Let Agreed Listings'!$C$2:$C$313,'Let Agreed Listings'!$B$2:$B$313,">=6",'Let Agreed Listings'!$D$2:$D$313,"BT12")) -> - | E22: =IF(B22=0,"-",_xlfn.MAXIFS('Let Agreed Listings'!$C$2:$C$313,'Let Agreed Listings'!$B$2:$B$313,">=6",'Let Agreed Listings'!$D$2:$D$313,"BT12")) -> -
A23: Room in shared house | B23: =COUNTIFS('Let Agreed Listings'!$B$2:$B$313,"Room",'Let Agreed Listings'!$D$2:$D$313,"BT12") -> 0 | C23: =IFERROR(AVERAGEIFS('Let Agreed Listings'!$C$2:$C$313,'Let Agreed Listings'!$B$2:$B$313,"Room",'Let Agreed Listings'!$D$2:$D$313,"BT12"),"-") -> - | D23: =IF(B23=0,"-",_xlfn.MINIFS('Let Agreed Listings'!$C$2:$C$313,'Let Agreed Listings'!$B$2:$B$313,"Room",'Let Agreed Listings'!$D$2:$D$313,"BT12")) -> - | E23: =IF(B23=0,"-",_xlfn.MAXIFS('Let Agreed Listings'!$C$2:$C$313,'Let Agreed Listings'!$B$2:$B$313,"Room",'Let Agreed Listings'!$D$2:$D$313,"BT12")) -> -
A24: All | B24: =SUM(B17:B23) -> 31
A26: Note: 6+ bed includes a handful of whole-building lets (8 or 9 bedrooms across three flats, marked in the Note column). Averages update if you edit or delete rows on the listings tab.

Sheet Let Agreed Listings
A1: Full address | B1: Rooms | C1: Rent/month (£) | D1: Area (BT) | E1: Let agreed date | F1: Property type | G1: Listing link | H1: Note
A2: D1.8 Whitehall Square, Belfast, BT12 5EU | B2: 1 | C2: 950 | D2: BT12 | E2: 2026-10-15 | F2: Apartment | G2: View
A3: 3 Britannic Park, Sandy Row, Belfast, BT12 5HG | B3: 2 | C3: 750 | D3: BT12 | E3: 2026-09-07 | F3: Townhouse | G3: View
A4: Apt 6 Oak Villa, 1 Sliabh Dubh View, Belfast, BT12 7SD | B4: 2 | C4: 795 | D4: BT12 | E4: 2026-10-15 | F4: Apartment | G4: View
A5: 36 Benburb Street, Belfast, BT12 6JG | B5: 2 | C5: 795 | D5: BT12 | E5: 2026-10-05 | F5: Mid-Terrace House | G5: View
A6: 34 Donegall Avenue, Belfast, BT12 6GP | B6: 2 | C6: 825 | D6: BT12 | E6: 2026-10-13 | F6: Mid-Terrace House | G6: View
A7: 14 Empire Drive, Belfast, BT12 6GQ | B7: 2 | C7: 825 | D7: BT12 | E7: 2026-07-31 | F7: Mid-Terrace House | G7: View
A8: 32 Rockview Street, Belfast, BT12 6JQ | B8: 2 | C8: 850 | D8: BT12 | E8: 2026-10-16 | F8: Mid-Terrace House | G8: View
A9: 10 Olympia Parade, Belfast, BT12 6NT | B9: 2 | C9: 850 | D9: BT12 | E9: 2026-10-06 | F9: Terrace House | G9: View
A10: 44 Soudan Street, Donegall Road, Belfast South, Belfast, BT12 6LA | B10: 2 | C10: 850 | D10: BT12 | E10: 2026-10-17 | F10: Mid-Terrace House | G10: View
A11: 16 Empire Parade, Belfast, BT12 6GN | B11: 2 | C11: 850 | D11: BT12 | E11: 2026-10-06 | F11: Mid-Terrace House | G11: View
A12: 12 St Katherines Road, Belfast, BT12 6EF | B12: 2 | C12: 875 | D12: BT12 | E12: 2026-07-23 | F12: Mid-Terrace House | G12: View
A13: 15 Lemberg Street, Belfast, BT12 6GH | B13: 2 | C13: 875 | D13: BT12 | E13: 2026-07-23 | F13: Mid-Terrace House | G13: View
... A32: 29 Malone Place, Off Lisburn Road, Belfast, BT12 5FD | B32: 4 | C32: 1600 | D32: BT12 | E32: 2026-08-11 | F32: End-Terrace House | G32: View
A33: 5 Magdala Street, Belfast, BT7 1PU | B33: Room | C33: 500 | D33: BT7 | E33: 2026-09-14 | F33: Room in shared house | G33: View
A34: 5 Magdala Street, Belfast, BT7 1PU | B34: Room | C34: 580 | D34: BT7 | E34: 2026-09-20 | F34: Room in shared house | G34: View
A35: University Street, Room 2, All Bills Included, Belfast, BT7 1FZ | B35: Room | C35: 589 | D35: BT7 | E35: 2026-08-05 | F35: Room in shared house | G35: View
A36: 53 Haypark Avenue, Belfast, BT7 3FE | B36: 1 | C36: 470 | D36: BT7 | E36: 2026-08-13 | F36: Terrace House | G36: View
A37: Flat 3, 70 University Street, Belfast, BT7 1HB | B37: 1 | C37: 580 | D37: BT7 | E37: 2026-06-09 | F37: 1st Floor Flat | G37: View
A38: Apt 3, 53 University Street, Belfast, BT7 1FY | B38: 1 | C38: 600 | D38: BT7 | E38: 2026-06-29 | F38: Studio Apartment | G38: View
A39: 8, 17 Fitzroy Avenue, Belfast, BT7 1HS | B39: 1 | C39: 650 | D39: BT7 | E39: 2026-04-27 | F39: 2nd Floor Apartment | G39: View
A40: 5, 66 University Street, Botanic, Belfast, BT7 1HB | B40: 1 | C40: 675 | D40: BT7 | E40: 2026-05-12 | F40: Apartment | G40: View
A41: Flat 1, 46 College Park Avenue, Belfast, BT7 1LR | B41: 1 | C41: 700 | D41: BT7 | E41: 2026-07-16 | F41: Apartment | G41: View
A42: 1, 70 University Avenue, Belfast, BT7 1GX | B42: 1 | C42: 700 | D42: BT7 | E42: 2026-07-28 | F42: Apartment | G42: View
A43: 1, 19 Lawrence Street, Botanic, Belfast, BT7 1LE | B43: 1 | C43: 725 | D43: BT7 | E43: 2026-07-09 | F43: Apartment | G43: View
A44: Apt 3, 22 Cromwell Road, Belfast, BT7 1JW | B44: 1 | C44: 725 | D44: BT7 | E44: 2026-07-28 | F44: Apartment | G44: View
A45: 41A Agincourt Avenue, Queens Quarter, Belfast, BT7 1QA | B45: 1 | C45: 750 | D45: BT7 | E45: 2026-10-14 | F45: Ground Floor Apartment | G45: View
A46: 41D Agincourt Avenue, Queens University Qua, Belfast, BT7 1QA | B46: 1 | C46: 750 | D46: BT7 | E46: 2026-07-31 | F46: 1st Floor Apartment | G46: View
A47: Westminster Street, Belfast, BT7 1HP | B47: 1 | C47: 750 | D47: BT7 | E47: 2026-09-10 | F47: Ground Floor Flat | G47: View
... A306: 54 Fitzroy Avenue, Queens University Quarter, Belfast, BT7 1HX | B306: 7 | C306: 3150 | D306: BT7 | E306: 2026-06-25 | F306: Mid Townhouse | G306: View
A307: 34 Magdala Street, Botanic Area, Belfast, BT7 1PU | B307: 8 | C307: 3600 | D307: BT7 | E307: 2026-03-29 | F307: Duplex Apartment | G307: View | H307: Whole building (several flats) let together
A308: 34 Magdala Street, Bot, Belfast, BT7 1PU | B308: 8 | C308: 3600 | D308: BT7 | E308: 2026-03-29 | F308: Duplex Apartment | G308: View | H308: Whole building (several flats) let together
A309: 34 Magdala Street, Queens Botanic Area, Belfast, BT7 1PU | B309: 8 | C309: 3600 | D309: BT7 | E309: 2026-09-21 | F309: Duplex Apartment | G309: View | H309: Whole building (several flats) let together
A310: Magdala Street, Queens Quarter, Belfast, BT7 1PU | B310: 8 | C310: 3600 | D310: BT7 | E310: 2026-09-17 | F310: Duplex Apartment | G310: View
A311: 76 Rugby Avenue, Queens, Belfast, BT7 1RG | B311: 9 | C311: 4050 | D311: BT7 | E311: 2026-03-29 | F311: Apartment | G311: View | H311: Whole building (several flats) let together
A312: 79 University Avenue, Queens Quarter, Belfast, BT7 1GY | B312: 9 | C312: 4050 | D312: BT7 | E312: 2026-03-29 | F312: Duplex Apartment | G312: View | H312: Whole building (several flats) let together
A313: University Avenue, Queens Quarter, Belfast, BT7 1GX | B313: 9 | C313: 4050 | D313: BT7 | E313: 2026-09-17 | F313: Duplex Apartment | G313: View
